what,kind,bundleId,bundleVersion,description,time
started,bundle,org.eclipse.jsch.core,1.1.200.I20100505-1245,"org.eclipse.jsch.core",1337964584975
started,bundle,org.eclipse.ltk.core.refactoring,3.5.101.r362_v20101117-0800,"org.eclipse.ltk.core.refactoring",1337964584975
started,bundle,org.eclipse.mylyn.bugzilla.core,3.4.2.v20100902-0100-e3x,"org.eclipse.mylyn.bugzilla.core",1337964584975
started,bundle,org.eclipse.mylyn.bugzilla.ui,3.4.3.v20110131-0100-e3x,"org.eclipse.mylyn.bugzilla.ui",1337964584991
started,bundle,org.eclipse.mylyn.commons.net,3.4.1.v20100625-2100-e3x,"org.eclipse.mylyn.commons.net",1337964584991
started,bundle,org.eclipse.mylyn.commons.ui,3.4.0.v20100608-0100-e3x,"org.eclipse.mylyn.commons.ui",1337964584991
started,bundle,org.eclipse.mylyn.context.core,3.4.1.v20100909-0100-e3x,"org.eclipse.mylyn.context.core",1337964584991
started,bundle,org.eclipse.mylyn.context.ui,3.4.2.v20110131-0100-e3x,"org.eclipse.mylyn.context.ui",1337964584991
started,bundle,org.eclipse.mylyn.monitor.ui,3.4.1.v20110131-0100-e3x,"org.eclipse.mylyn.monitor.ui",1337964584991
started,bundle,org.eclipse.mylyn.tasks.ui,3.4.3.v20110131-0100-e3x,"org.eclipse.mylyn.tasks.ui",1337964584991
started,bundle,org.eclipse.mylyn.team.ui,3.4.3.v20110131-0100-e3x,"org.eclipse.mylyn.team.ui",1337964584991
started,bundle,org.eclipse.php.core,2.2.1.v20101001-2300,"org.eclipse.php.core",1337964584991
started,bundle,org.eclipse.php.debug.core,2.2.0.v20101001-2300,"org.eclipse.php.debug.core",1337964584991
started,bundle,org.eclipse.php.debug.daemon,2.2.0.v20101001-2300,"org.eclipse.php.debug.daemon",1337964584991
started,bundle,org.eclipse.php.debug.ui,2.2.0.v20101001-2300,"org.eclipse.php.debug.ui",1337964584991
started,bundle,org.eclipse.php.server.core,2.2.0.v20101001-2300,"org.eclipse.php.server.core",1337964584991
started,bundle,org.eclipse.php.ui,2.2.1.v20101001-2300,"org.eclipse.php.ui",1337964584991
started,bundle,org.eclipse.rse.connectorservice.local,2.1.100.v200905272300,"org.eclipse.rse.connectorservice.local",1337964584991
started,bundle,org.eclipse.rse.core,3.1.102.R32x_v201102011435,"org.eclipse.rse.core",1337964584991
started,bundle,org.eclipse.rse.services,3.2.2.R32x_v201102011435,"org.eclipse.rse.services",1337964584991
started,bundle,org.eclipse.rse.services.local,2.1.202.R32x_v201102011435,"org.eclipse.rse.services.local",1337964584991
started,bundle,org.eclipse.rse.subsystems.files.core,3.2.1.v201008191400,"org.eclipse.rse.subsystems.files.core",1337964584991
started,bundle,org.eclipse.rse.subsystems.files.local,2.1.101.v200907301400,"org.eclipse.rse.subsystems.files.local",1337964584991
started,bundle,org.eclipse.rse.subsystems.shells.core,3.1.100.v201003010830,"org.eclipse.rse.subsystems.shells.core",1337964584991
started,bundle,org.eclipse.rse.subsystems.shells.local,2.1.100.v200905272300,"org.eclipse.rse.subsystems.shells.local",1337964584991
started,bundle,org.eclipse.rse.ui,3.1.102.R32x_v201102011435,"org.eclipse.rse.ui",1337964584991
started,bundle,org.eclipse.search,3.6.0.v20100520-0800,"org.eclipse.search",1337964584991
started,bundle,org.eclipse.team.core,3.5.101.R36x_v20110203-1036,"org.eclipse.team.core",1337964584991
started,bundle,org.eclipse.team.cvs.core,3.3.301.R36x_v20110119-0815,"org.eclipse.team.cvs.core",1337964584991
started,bundle,org.eclipse.team.cvs.ui,3.3.302.R36x_v20110203-1036,"org.eclipse.team.cvs.ui",1337964584991
started,bundle,org.eclipse.team.ui,3.5.102.R36x_v20110203-1036,"org.eclipse.team.ui",1337964584991
started,bundle,org.eclipse.ui,3.6.2.M20110203-1100,"org.eclipse.ui",1337964585007
started,bundle,org.eclipse.ui.console,3.5.0.v20100526,"org.eclipse.ui.console",1337964585007
started,bundle,org.eclipse.ui.editors,3.6.1.r361_v20100825-0800,"org.eclipse.ui.editors",1337964585007
started,bundle,org.eclipse.ui.forms,3.5.2.r36_v20100702,"org.eclipse.ui.forms",1337964585007
started,bundle,org.eclipse.ui.ide,3.6.2.M20101201-0800,"org.eclipse.ui.ide",1337964585007
started,bundle,org.eclipse.ui.net,1.2.100.I20100505-1245,"org.eclipse.ui.net",1337964585007
started,bundle,org.eclipse.ui.views,3.5.1.M20110202-0800,"org.eclipse.ui.views",1337964585007
started,bundle,org.eclipse.ui.workbench,3.6.2.M20110210-1200,"org.eclipse.ui.workbench",1337964585007
started,bundle,org.eclipse.ui.workbench.texteditor,3.6.1.r361_v20100714-0800,"org.eclipse.ui.workbench.texteditor",1337964585007
started,bundle,org.eclipse.update.configurator,3.3.100.v20100512,"org.eclipse.update.configurator",1337964585007
started,bundle,org.eclipse.update.core,3.2.402.R36x_v20100629,"org.eclipse.update.core",1337964585007
started,bundle,org.eclipse.update.scheduler,3.2.300.v20100512,"org.eclipse.update.scheduler",1337964585007
started,bundle,org.eclipse.wst.common.project.facet.core,1.4.102.v201008170019,"org.eclipse.wst.common.project.facet.core",1337964585007
started,bundle,org.eclipse.wst.common.uriresolver,1.1.401.v201004280700,"org.eclipse.wst.common.uriresolver",1337964585007
started,bundle,org.eclipse.wst.css.core,1.1.402.v201102031915,"org.eclipse.wst.css.core",1337964585007
started,bundle,org.eclipse.wst.css.ui,1.0.502.v201101122002,"org.eclipse.wst.css.ui",1337964585007
started,bundle,org.eclipse.wst.dtd.core,1.1.401.v201101122255,"org.eclipse.wst.dtd.core",1337964585007
started,bundle,org.eclipse.wst.dtd.ui,1.0.500.v201004290328,"org.eclipse.wst.dtd.ui",1337964585007
started,bundle,org.eclipse.wst.html.core,1.1.404.v201101190004,"org.eclipse.wst.html.core",1337964585007
started,bundle,org.eclipse.wst.html.ui,1.0.504.v201101122108,"org.eclipse.wst.html.ui",1337964585007
started,bundle,org.eclipse.wst.internet.cache,1.0.400.v201004280700,"org.eclipse.wst.internet.cache",1337964585007
started,bundle,org.eclipse.wst.jsdt.core,1.1.4.v201102102045,"org.eclipse.wst.jsdt.core",1337964585007
started,bundle,org.eclipse.wst.jsdt.manipulation,1.0.200.v201004150600,"org.eclipse.wst.jsdt.manipulation",1337964585007
started,bundle,org.eclipse.wst.jsdt.ui,1.1.4.v201102160540,"org.eclipse.wst.jsdt.ui",1337964585022
started,bundle,org.eclipse.wst.jsdt.web.core,1.0.304.v201102160550,"org.eclipse.wst.jsdt.web.core",1337964585022
started,bundle,org.eclipse.wst.jsdt.web.ui,1.0.304.v201012160349,"org.eclipse.wst.jsdt.web.ui",1337964585022
started,bundle,org.eclipse.wst.sse.core,1.1.504.v201102160550,"org.eclipse.wst.sse.core",1337964585022
started,bundle,org.eclipse.wst.sse.ui,1.2.3.v201102102045,"org.eclipse.wst.sse.ui",1337964585022
started,bundle,org.eclipse.wst.validation,1.2.201.v201101270100,"org.eclipse.wst.validation",1337964585022
started,bundle,org.eclipse.wst.xml.core,1.1.503.v201102102045,"org.eclipse.wst.xml.core",1337964585022
started,bundle,org.eclipse.wst.xml.ui,1.1.103.v201101122108,"org.eclipse.wst.xml.ui",1337964585022
started,bundle,org.eclipse.wst.xsl.core,1.1.0.v201004290328,"org.eclipse.wst.xsl.core",1337964585022
started,bundle,org.eclipse.wst.xsl.exslt.core,1.0.0.v201005240426,"org.eclipse.wst.xsl.exslt.core",1337964585022
os,sysinfo,,,"win32",1337964585022
arch,sysinfo,,,"x86",1337964585022
ws,sysinfo,,,"win32",1337964585022
locale,sysinfo,,,"de_DE",1337964585022
processors,sysinfo,,,"1",1337964585022
java.runtime.name,sysinfo,,,"Java(TM) SE Runtime Environment",1337964585022
java.runtime.version,sysinfo,,,"1.7.0_04-b22",1337964585022
java.specification.name,sysinfo,,,"Java Platform API Specification",1337964585022
java.specification.vendor,sysinfo,,,"Oracle Corporation",1337964585022
java.specification.version,sysinfo,,,"1.7",1337964585022
java.vendor,sysinfo,,,"Oracle Corporation",1337964585022
java.version,sysinfo,,,"1.7.0_04",1337964585022
java.vm.info,sysinfo,,,"mixed mode, sharing",1337964585022
java.vm.name,sysinfo,,,"Java HotSpot(TM) Client VM",1337964585022
java.vm.specification.name,sysinfo,,,"Java Virtual Machine Specification",1337964585022
java.vm.specification.vendor,sysinfo,,,"Oracle Corporation",1337964585022
java.vm.specification.version,sysinfo,,,"1.7",1337964585022
java.vm.vendor,sysinfo,,,"Oracle Corporation",1337964585022
java.vm.version,sysinfo,,,"23.0-b21",1337964585022
started,bundle,org.eclipse.wst.server.core,1.1.206.v20110110,"org.eclipse.wst.server.core",1337964585319
started,bundle,org.eclipse.wst.server.ui,1.1.207.v20110119,"org.eclipse.wst.server.ui",1337964585319
started,bundle,org.eclipse.jdt.core,3.6.2.v_A76_R36x,"org.eclipse.jdt.core",1337964585724
started,bundle,org.eclipse.jdt.debug,3.6.1.v20100715_r361,"org.eclipse.jdt.debug",1337964585724
started,bundle,org.eclipse.jdt.launching,3.5.200.v20110105_r362,"org.eclipse.jdt.launching",1337964585740
started,bundle,org.eclipse.jdt.core.manipulation,1.3.0.v20100520-0800,"org.eclipse.jdt.core.manipulation",1337964585740
started,bundle,org.eclipse.jdt.ui,3.6.2.r362_v20110203,"org.eclipse.jdt.ui",1337964585740
started,bundle,org.eclipse.jdt.debug.ui,3.5.2.v20100928a_r362,"org.eclipse.jdt.debug.ui",1337964585740
started,bundle,org.eclipse.php.server.ui,2.2.0.v20101001-2300,"org.eclipse.php.server.ui",1337964585740
started,bundle,org.eclipse.wst.common.frameworks,1.2.0.v201003040800,"org.eclipse.wst.common.frameworks",1337964585833
opened,view,org.eclipse.php.debug.ui,2.2.0.v20101001-2300,"org.eclipse.debug.ui.PHPDebugOutput",1337964589172
opened,view,org.eclipse.php.debug.ui,2.2.0.v20101001-2300,"org.eclipse.debug.ui.PHPBrowserOutput",1337964589297
activated,view,org.eclipse.php.debug.ui,2.2.0.v20101001-2300,"org.eclipse.debug.ui.PHPDebugOutput",1337964589531
started,bundle,org.eclipse.ui.browser,3.3.1.r36_20101216,"org.eclipse.ui.browser",1337964589624
opened,view,org.eclipse.ui.browser,3.3.1.r36_20101216,"org.eclipse.ui.browser.view",1337964589749
activated,view,org.eclipse.ui.browser,3.3.1.r36_20101216,"org.eclipse.ui.browser.view",1337964589780
opened,view,org.eclipse.ui.console,3.5.0.v20100526,"org.eclipse.ui.console.ConsoleView",1337964589889
activated,perspective,org.eclipse.php.debug.ui,,"org.eclipse.php.debug.ui.PHPDebugPerspective",1337965184809
started,bundle,org.eclipse.osgi,3.6.2.R36x_v20110210,"org.eclipse.osgi",1337965184809
started,bundle,org.eclipse.equinox.simpleconfigurator,1.0.200.v20100503,"org.eclipse.equinox.simpleconfigurator",1337965184809
started,bundle,com.ibm.icu,4.2.1.v20100412,"com.ibm.icu",1337965184809
started,bundle,org.eclipse.compare.core,3.5.101.R36x_v20100929-0800,"org.eclipse.compare.core",1337965184809
started,bundle,org.eclipse.core.contenttype,3.4.100.v20100505-1235,"org.eclipse.core.contenttype",1337965184809
started,bundle,org.eclipse.core.databinding.observable,1.3.0.I20100601-0800,"org.eclipse.core.databinding.observable",1337965184809
started,bundle,org.eclipse.core.expressions,3.4.200.v20100505,"org.eclipse.core.expressions",1337965184809
started,bundle,org.eclipse.core.filebuffers,3.5.100.v20100520-0800,"org.eclipse.core.filebuffers",1337965184809
started,bundle,org.eclipse.core.filesystem,1.3.1.R36x_v20100727-0745,"org.eclipse.core.filesystem",1337965184825
started,bundle,org.eclipse.core.jobs,3.5.1.R36x_v20100824,"org.eclipse.core.jobs",1337965184825
started,bundle,org.eclipse.core.net,1.2.100.I20100511-0800,"org.eclipse.core.net",1337965184825
started,bundle,org.eclipse.core.resources,3.6.1.R36x_v20110131-1630,"org.eclipse.core.resources",1337965184825
started,bundle,org.eclipse.core.runtime,3.6.0.v20100505,"org.eclipse.core.runtime",1337965184825
started,bundle,org.eclipse.core.runtime.compatibility,3.2.100.v20100505,"org.eclipse.core.runtime.compatibility",1337965184825
started,bundle,org.eclipse.core.runtime.compatibility.auth,3.2.200.v20100517,"org.eclipse.core.runtime.compatibility.auth",1337965184825
started,bundle,org.eclipse.debug.core,3.6.0.v20100519,"org.eclipse.debug.core",1337965184825
started,bundle,org.eclipse.debug.ui,3.6.3.v20101201_r362,"org.eclipse.debug.ui",1337965185012
started,bundle,org.eclipse.dltk.core,2.0.1.v20100806-1245,"org.eclipse.dltk.core",1337965185137
started,bundle,org.eclipse.dltk.core.index.sql,2.0.1.v20100909-1720,"org.eclipse.dltk.core.index.sql",1337965185137
started,bundle,org.eclipse.dltk.core.index.sql.h2,2.0.1.v20100909-1720,"org.eclipse.dltk.core.index.sql.h2",1337965185137
started,bundle,org.eclipse.dltk.launching,2.0.0.v20100806-1245,"org.eclipse.dltk.launching",1337965185137
started,bundle,org.eclipse.dltk.ui,2.0.0.v20100909-1720,"org.eclipse.dltk.ui",1337965185199
started,bundle,org.eclipse.emf.common,2.6.0.v20100914-1218,"org.eclipse.emf.common",1337965185246
started,bundle,org.eclipse.emf.ecore,2.6.1.v20100914-1218,"org.eclipse.emf.ecore",1337965185246
started,bundle,org.eclipse.emf.ecore.xmi,2.5.0.v20100521-1846,"org.eclipse.emf.ecore.xmi",1337965185246
started,bundle,org.eclipse.epp.usagedata.gathering,1.3.1.R201102081640,"org.eclipse.epp.usagedata.gathering",1337965185246
started,bundle,org.eclipse.epp.usagedata.recording,1.3.1.R201102081640,"org.eclipse.epp.usagedata.recording",1337965185246
started,bundle,org.eclipse.equinox.app,1.3.1.R36x_v20100803,"org.eclipse.equinox.app",1337965185246
started,bundle,org.eclipse.equinox.common,3.6.0.v20100503,"org.eclipse.equinox.common",1337965185246
started,bundle,org.eclipse.equinox.ds,1.2.1.R36x_v20100803,"org.eclipse.equinox.ds",1337965185246
started,bundle,org.eclipse.equinox.event,1.2.0.v20100503,"org.eclipse.equinox.event",1337965185246
started,bundle,org.eclipse.equinox.p2.core,2.0.3.R36x_v20110111,"org.eclipse.equinox.p2.core",1337965185246
started,bundle,org.eclipse.equinox.p2.directorywatcher,1.0.203.R36x_v20101220,"org.eclipse.equinox.p2.directorywatcher",1337965185246
started,bundle,org.eclipse.equinox.p2.engine,2.0.1.R36x_v20110201,"org.eclipse.equinox.p2.engine",1337965185246
started,bundle,org.eclipse.equinox.p2.metadata,2.0.1.R36x_v20101202,"org.eclipse.equinox.p2.metadata",1337965185246
started,bundle,org.eclipse.equinox.p2.metadata.repository,1.1.0.v20100513,"org.eclipse.equinox.p2.metadata.repository",1337965185246
started,bundle,org.eclipse.equinox.p2.operations,2.0.0.v20100510,"org.eclipse.equinox.p2.operations",1337965185246
started,bundle,org.eclipse.equinox.p2.reconciler.dropins,1.1.2.R36x_v20110114,"org.eclipse.equinox.p2.reconciler.dropins",1337965185246
started,bundle,org.eclipse.equinox.p2.repository,2.0.2.R36x_v20110111-1500,"org.eclipse.equinox.p2.repository",1337965185246
started,bundle,org.eclipse.equinox.preferences,3.3.0.v20100503,"org.eclipse.equinox.preferences",1337965185261
started,bundle,org.eclipse.equinox.registry,3.5.0.v20100503,"org.eclipse.equinox.registry",1337965185261
started,bundle,org.eclipse.equinox.security,1.0.200.v20100503,"org.eclipse.equinox.security",1337965185324
started,bundle,org.eclipse.equinox.util,1.0.200.v20100503,"org.eclipse.equinox.util",1337965185324
started,bundle,org.eclipse.help,3.5.0.v20100524,"org.eclipse.help",1337965185324
started,bundle,org.eclipse.jface,3.6.2.M20110210-1200,"org.eclipse.jface",1337965185324
started,bundle,org.eclipse.jsch.core,1.1.200.I20100505-1245,"org.eclipse.jsch.core",1337965185324
started,bundle,org.eclipse.php.core,2.2.1.v20101001-2300,"org.eclipse.php.core",1337965185542
started,bundle,org.eclipse.php.debug.core,2.2.0.v20101001-2300,"org.eclipse.php.debug.core",1337965185776
started,bundle,org.eclipse.php.debug.ui,2.2.0.v20101001-2300,"org.eclipse.php.debug.ui",1337965185776
started,bundle,org.eclipse.php.server.core,2.2.0.v20101001-2300,"org.eclipse.php.server.core",1337965185776
started,bundle,org.eclipse.php.ui,2.2.1.v20101001-2300,"org.eclipse.php.ui",1337965185776
started,bundle,org.eclipse.search,3.6.0.v20100520-0800,"org.eclipse.search",1337965185776
started,bundle,org.eclipse.team.core,3.5.101.R36x_v20110203-1036,"org.eclipse.team.core",1337965185776
started,bundle,org.eclipse.ui,3.6.2.M20110203-1100,"org.eclipse.ui",1337965185776
started,bundle,org.eclipse.ui.console,3.5.0.v20100526,"org.eclipse.ui.console",1337965185776
started,bundle,org.eclipse.ui.editors,3.6.1.r361_v20100825-0800,"org.eclipse.ui.editors",1337965185776
started,bundle,org.eclipse.ui.forms,3.5.2.r36_v20100702,"org.eclipse.ui.forms",1337965185776
started,bundle,org.eclipse.ui.ide,3.6.2.M20101201-0800,"org.eclipse.ui.ide",1337965185792
started,bundle,org.eclipse.ui.net,1.2.100.I20100505-1245,"org.eclipse.ui.net",1337965185808
started,bundle,org.eclipse.ui.views,3.5.1.M20110202-0800,"org.eclipse.ui.views",1337965185808
started,bundle,org.eclipse.ui.workbench,3.6.2.M20110210-1200,"org.eclipse.ui.workbench",1337965185808
started,bundle,org.eclipse.ui.workbench.texteditor,3.6.1.r361_v20100714-0800,"org.eclipse.ui.workbench.texteditor",1337965185808
started,bundle,org.eclipse.wst.common.frameworks,1.2.0.v201003040800,"org.eclipse.wst.common.frameworks",1337965185808
started,bundle,org.eclipse.wst.common.project.facet.core,1.4.102.v201008170019,"org.eclipse.wst.common.project.facet.core",1337965185808
started,bundle,org.eclipse.wst.common.uriresolver,1.1.401.v201004280700,"org.eclipse.wst.common.uriresolver",1337965185808
started,bundle,org.eclipse.wst.css.core,1.1.402.v201102031915,"org.eclipse.wst.css.core",1337965185808
started,bundle,org.eclipse.wst.css.ui,1.0.502.v201101122002,"org.eclipse.wst.css.ui",1337965185808
started,bundle,org.eclipse.wst.dtd.core,1.1.401.v201101122255,"org.eclipse.wst.dtd.core",1337965185808
started,bundle,org.eclipse.wst.dtd.ui,1.0.500.v201004290328,"org.eclipse.wst.dtd.ui",1337965185808
started,bundle,org.eclipse.wst.html.core,1.1.404.v201101190004,"org.eclipse.wst.html.core",1337965185808
started,bundle,org.eclipse.wst.html.ui,1.0.504.v201101122108,"org.eclipse.wst.html.ui",1337965185808
started,bundle,org.eclipse.wst.internet.cache,1.0.400.v201004280700,"org.eclipse.wst.internet.cache",1337965185808
started,bundle,org.eclipse.wst.jsdt.core,1.1.4.v201102102045,"org.eclipse.wst.jsdt.core",1337965185839
started,bundle,org.eclipse.wst.jsdt.manipulation,1.0.200.v201004150600,"org.eclipse.wst.jsdt.manipulation",1337965185855
started,bundle,org.eclipse.wst.jsdt.ui,1.1.4.v201102160540,"org.eclipse.wst.jsdt.ui",1337965185886
started,bundle,org.eclipse.wst.jsdt.web.core,1.0.304.v201102160550,"org.eclipse.wst.jsdt.web.core",1337965185886
started,bundle,org.eclipse.wst.jsdt.web.ui,1.0.304.v201012160349,"org.eclipse.wst.jsdt.web.ui",1337965185886
started,bundle,org.eclipse.wst.sse.core,1.1.504.v201102160550,"org.eclipse.wst.sse.core",1337965185886
started,bundle,org.eclipse.wst.sse.ui,1.2.3.v201102102045,"org.eclipse.wst.sse.ui",1337965185886
started,bundle,org.eclipse.wst.validation,1.2.201.v201101270100,"org.eclipse.wst.validation",1337965185886
started,bundle,org.eclipse.wst.xml.core,1.1.503.v201102102045,"org.eclipse.wst.xml.core",1337965185886
started,bundle,org.eclipse.wst.xml.ui,1.1.103.v201101122108,"org.eclipse.wst.xml.ui",1337965185886
started,bundle,org.eclipse.wst.xsl.core,1.1.0.v201004290328,"org.eclipse.wst.xsl.core",1337965185886
started,bundle,org.eclipse.wst.xsl.exslt.core,1.0.0.v201005240426,"org.eclipse.wst.xsl.exslt.core",1337965185886
os,sysinfo,,,"win32",1337965185901
arch,sysinfo,,,"x86",1337965185901
ws,sysinfo,,,"win32",1337965185901
locale,sysinfo,,,"de_DE",1337965185901
processors,sysinfo,,,"1",1337965185901
java.runtime.name,sysinfo,,,"Java(TM) SE Runtime Environment",1337965185901
java.runtime.version,sysinfo,,,"1.7.0_04-b22",1337965185901
java.specification.name,sysinfo,,,"Java Platform API Specification",1337965185901
java.specification.vendor,sysinfo,,,"Oracle Corporation",1337965185901
java.specification.version,sysinfo,,,"1.7",1337965185901
java.vendor,sysinfo,,,"Oracle Corporation",1337965185901
java.version,sysinfo,,,"1.7.0_04",1337965185901
java.vm.info,sysinfo,,,"mixed mode, sharing",1337965185901
java.vm.name,sysinfo,,,"Java HotSpot(TM) Client VM",1337965185901
java.vm.specification.name,sysinfo,,,"Java Virtual Machine Specification",1337965185901
java.vm.specification.vendor,sysinfo,,,"Oracle Corporation",1337965185901
java.vm.specification.version,sysinfo,,,"1.7",1337965185901
java.vm.vendor,sysinfo,,,"Oracle Corporation",1337965185901
java.vm.version,sysinfo,,,"23.0-b21",1337965185901
started,bundle,org.eclipse.mylyn.monitor.ui,3.4.1.v20110131-0100-e3x,"org.eclipse.mylyn.monitor.ui",1337965186978
started,bundle,org.eclipse.mylyn.commons.net,3.4.1.v20100625-2100-e3x,"org.eclipse.mylyn.commons.net",1337965187384
started,bundle,org.eclipse.mylyn.commons.ui,3.4.0.v20100608-0100-e3x,"org.eclipse.mylyn.commons.ui",1337965188148
started,bundle,org.eclipse.mylyn.bugzilla.core,3.4.2.v20100902-0100-e3x,"org.eclipse.mylyn.bugzilla.core",1337965188648
started,bundle,org.eclipse.mylyn.bugzilla.ui,3.4.3.v20110131-0100-e3x,"org.eclipse.mylyn.bugzilla.ui",1337965188804
started,bundle,org.eclipse.mylyn.context.core,3.4.1.v20100909-0100-e3x,"org.eclipse.mylyn.context.core",1337965189178
started,bundle,org.eclipse.mylyn.context.ui,3.4.2.v20110131-0100-e3x,"org.eclipse.mylyn.context.ui",1337965189303
started,bundle,org.eclipse.mylyn.tasks.ui,3.4.3.v20110131-0100-e3x,"org.eclipse.mylyn.tasks.ui",1337965189537
started,bundle,org.eclipse.mylyn.team.ui,3.4.3.v20110131-0100-e3x,"org.eclipse.mylyn.team.ui",1337965189568
started,bundle,org.eclipse.php.debug.daemon,2.2.0.v20101001-2300,"org.eclipse.php.debug.daemon",1337965189599
started,bundle,org.eclipse.update.scheduler,3.2.300.v20100512,"org.eclipse.update.scheduler",1337965189677
started,bundle,org.eclipse.update.configurator,3.3.100.v20100512,"org.eclipse.update.configurator",1337965191550
started,bundle,org.eclipse.update.core,3.2.402.R36x_v20100629,"org.eclipse.update.core",1337965191628
started,bundle,org.eclipse.team.cvs.core,3.3.301.R36x_v20110119-0815,"org.eclipse.team.cvs.core",1337965191659
started,bundle,org.eclipse.team.ui,3.5.102.R36x_v20110203-1036,"org.eclipse.team.ui",1337965192065
started,bundle,org.eclipse.team.cvs.ui,3.3.302.R36x_v20110203-1036,"org.eclipse.team.cvs.ui",1337965192315
started,bundle,org.eclipse.wst.server.core,1.1.206.v20110110,"org.eclipse.wst.server.core",1337965218794
started,bundle,org.eclipse.wst.server.ui,1.1.207.v20110119,"org.eclipse.wst.server.ui",1337965218841
started,bundle,org.eclipse.jdt.core,3.6.2.v_A76_R36x,"org.eclipse.jdt.core",1337965220464
started,bundle,org.eclipse.jdt.debug,3.6.1.v20100715_r361,"org.eclipse.jdt.debug",1337965220589
started,bundle,org.eclipse.jdt.launching,3.5.200.v20110105_r362,"org.eclipse.jdt.launching",1337965221041
opened,view,org.eclipse.php.debug.ui,2.2.0.v20101001-2300,"org.eclipse.debug.ui.PHPBrowserOutput",1337965222321
started,bundle,org.eclipse.ui.browser,3.3.1.r36_20101216,"org.eclipse.ui.browser",1337965222399
started,bundle,org.eclipse.jdt.core.manipulation,1.3.0.v20100520-0800,"org.eclipse.jdt.core.manipulation",1337965222633
started,bundle,org.eclipse.jdt.ui,3.6.2.r362_v20110203,"org.eclipse.jdt.ui",1337965222836
started,bundle,org.eclipse.jdt.debug.ui,3.5.2.v20100928a_r362,"org.eclipse.jdt.debug.ui",1337965223257
opened,view,org.eclipse.ui.browser,3.3.1.r36_20101216,"org.eclipse.ui.browser.view",1337965223288
started,bundle,org.eclipse.php.server.ui,2.2.0.v20101001-2300,"org.eclipse.php.server.ui",1337965223288
activated,view,org.eclipse.ui.browser,3.3.1.r36_20101216,"org.eclipse.ui.browser.view",1337965223444
started,bundle,org.eclipse.wst.xsl.debug.ui,1.0.101.v201102111830,"org.eclipse.wst.xsl.debug.ui",1337965263781
executed,command,org.eclipse.debug.ui,3.6.3.v20101201_r362,"org.eclipse.debug.ui.commands.DebugLast",1337965263786
deactivated,workbench,org.eclipse.ui.workbench,3.6.2.M20110210-1200,"",1337965263822
activated,workbench,org.eclipse.ui.workbench,3.6.2.M20110210-1200,"",1337965265443
activated,view,org.eclipse.debug.ui,3.6.3.v20101201_r362,"org.eclipse.debug.ui.DebugView",1337965269691
executed,command,org.eclipse.debug.ui,3.6.3.v20101201_r362,"org.eclipse.debug.ui.commands.StepOver",1337965270325
executed,command,org.eclipse.debug.ui,3.6.3.v20101201_r362,"org.eclipse.debug.ui.commands.StepOver",1337965271146
executed,command,org.eclipse.debug.ui,3.6.3.v20101201_r362,"org.eclipse.debug.ui.commands.StepOver",1337965272003
executed,command,org.eclipse.debug.ui,3.6.3.v20101201_r362,"org.eclipse.debug.ui.commands.StepOver",1337965283686
executed,command,org.eclipse.debug.ui,3.6.3.v20101201_r362,"org.eclipse.debug.ui.commands.StepOver",1337965284645
executed,command,org.eclipse.debug.ui,3.6.3.v20101201_r362,"org.eclipse.debug.ui.commands.Resume",1337965290791
deactivated,workbench,org.eclipse.ui.workbench,3.6.2.M20110210-1200,"",1337965697675
activated,workbench,org.eclipse.ui.workbench,3.6.2.M20110210-1200,"",1337965758143
executed,command,org.eclipse.debug.ui,3.6.3.v20101201_r362,"org.eclipse.debug.ui.commands.Terminate",1337965768564
activated,view,org.eclipse.ui.browser,3.3.1.r36_20101216,"org.eclipse.ui.browser.view",1337965768579
opened,view,org.eclipse.ui.views,3.5.1.M20110202-0800,"org.eclipse.ui.views.ContentOutline",1337965779025
started,bundle,org.eclipse.ltk.core.refactoring,3.5.101.r362_v20101117-0800,"org.eclipse.ltk.core.refactoring",1337965780070
opened,view,org.eclipse.php.ui,2.2.1.v20101001-2300,"org.eclipse.php.ui.explorer",1337965780460
activated,perspective,org.eclipse.php.ui,2.2.1.v20101001-2300,"org.eclipse.php.perspective",1337965780538
started,bundle,org.eclipse.rse.services,3.2.2.R32x_v201102011435,"org.eclipse.rse.services",1337965780866
started,bundle,org.eclipse.rse.core,3.1.102.R32x_v201102011435,"org.eclipse.rse.core",1337965780944
started,bundle,org.eclipse.rse.ui,3.1.102.R32x_v201102011435,"org.eclipse.rse.ui",1337965782020
started,bundle,org.eclipse.rse.subsystems.files.core,3.2.1.v201008191400,"org.eclipse.rse.subsystems.files.core",1337965782020
started,bundle,org.eclipse.rse.subsystems.files.local,2.1.101.v200907301400,"org.eclipse.rse.subsystems.files.local",1337965782020
started,bundle,org.eclipse.dltk.rse.ui,2.0.0.v20100115-2213,"org.eclipse.dltk.rse.ui",1337965782020
started,bundle,org.eclipse.dltk.rse.core,2.0.1.v20100804-1944,"org.eclipse.dltk.rse.core",1337965782145
started,bundle,org.eclipse.rse.connectorservice.local,2.1.100.v200905272300,"org.eclipse.rse.connectorservice.local",1337965782395
started,bundle,org.eclipse.rse.services.local,2.1.202.R32x_v201102011435,"org.eclipse.rse.services.local",1337965782395
started,bundle,org.eclipse.rse.subsystems.shells.core,3.1.100.v201003010830,"org.eclipse.rse.subsystems.shells.core",1337965782582
started,bundle,org.eclipse.rse.subsystems.shells.local,2.1.100.v200905272300,"org.eclipse.rse.subsystems.shells.local",1337965782582
activated,view,org.eclipse.php.debug.ui,2.2.0.v20101001-2300,"org.eclipse.debug.ui.PHPDebugOutput",1337965792363
activated,view,org.eclipse.ui.browser,3.3.1.r36_20101216,"org.eclipse.ui.browser.view",1337965792503
deactivated,workbench,org.eclipse.ui.workbench,3.6.2.M20110210-1200,"",1337965793052
activated,view,org.eclipse.debug.ui,3.6.3.v20101201_r362,"org.eclipse.debug.ui.DebugView",1337965793141
activated,workbench,org.eclipse.ui.workbench,3.6.2.M20110210-1200,"",1337965806419
activated,view,org.eclipse.php.debug.ui,2.2.0.v20101001-2300,"org.eclipse.debug.ui.PHPDebugOutput",1337965813938
opened,view,org.eclipse.ui.ide,3.6.2.M20101201-0800,"org.eclipse.ui.views.ProgressView",1337965815300
activated,view,org.eclipse.ui.ide,3.6.2.M20101201-0800,"org.eclipse.ui.views.ProgressView",1337965815315
activated,view,org.eclipse.php.debug.ui,2.2.0.v20101001-2300,"org.eclipse.debug.ui.PHPBrowserOutput",1337965816286
activated,view,org.eclipse.ui.browser,3.3.1.r36_20101216,"org.eclipse.ui.browser.view",1337965816886
activated,view,org.eclipse.php.debug.ui,2.2.0.v20101001-2300,"org.eclipse.debug.ui.PHPDebugOutput",1337965817610
activated,view,org.eclipse.ui.console,3.5.0.v20100526,"org.eclipse.ui.console.ConsoleView",1337965818160
